{
  "name": "polymer",
  "version": "1.2.3",
  "main": [
    "polymer.html"
  ],
  "license": "http://polymer.github.io/LICENSE.txt",
  "ignore": [
    "/.*",
    "/test/",
    "gen-changelog.sh"
  ],
  "authors": [
    "The Polymer Authors (http://polymer.github.io/AUTHORS.txt)"
  ],
  "repository": {
    "type": "git",
    "url": "https://github.com/Polymer/polymer.git"
  },
  "dependencies": {
    "webcomponentsjs": "^0.7.18"
  },
  "devDependencies": {
    "web-component-tester": "*"
  },
  "private": true,
  "homepage": "https://github.com/Polymer/polymer",
  "_release": "1.2.3",
  "_resolution": {
    "type": "version",
    "tag": "v1.2.3",
    "commit": "aa535d1675342007cbf64dc9c66497cf74cbc616"
  },
  "_source": "git://github.com/Polymer/polymer.git",
  "_target": "^1.2.0",
  "_originalSource": "Polymer/polymer",
  "_direct": true
}